category_name,subcategory_name,product_name,per_piece,0.5lb,1lb,1.5lb,2lb,2.5lb,3lb,3.5lb,4lb,4.5lb,5lb,is_chef_special,dietary_tag,is_veg
Cakes,"Floral Birthday","Floral Graphic Cake",,,1400.00,2100.00,2800.00,3500.00,4200.00,,5600.00,,,0,Eggless,1
Cakes,"Classic Tiered","Wafer Paper 2 Tier",,,,,,4125.00,4950.00,,6600.00,,8250.00,0,Eggless,1
Cakes,"Classic Chocolate","Choco Mango Biscoff",,,1400.00,2100.00,2800.00,3500.00,4200.00,,5400.00,,,0,Eggless,1
"Signature Cakes","Classic Non Chocolate","Classic Mango Gateau",,,1350.00,2025.00,2700.00,,4050.00,,5400.00,,6750.00,0,Eggless,1
"Signature Cakes","Non Chocolate Cheesecake","Mango Cheesecake",,,1300.00,1950.00,2600.00,,3900.00,,5200.00,,,0,Eggless,1
"Signature Cakes","Non Chocolate Cheesecake","Summer Coulis Cheesecake",,,1300.00,1950.00,2600.00,,3900.00,,,,,0,Eggless,1
"Signature Cakes",Opera,"Mango Opera",,,1350.00,2025.00,2700.00,3375.00,4050.00,,5400.00,,,0,Eggless,1
"Signature Cakes","Tart Cake","Mango Tart Cake",,,1100.00,,2200.00,,3300.00,,4400.00,,,0,Eggless,1
Other,General,"Mango Rose Gateau",,,1350.00,1950.00,2600.00,,3900.00,,,,,0,Eggless,1
Cakes,"Non Floral Birthday","Red Hearts Textured",,,1500.00,2250.00,3000.00,3750.00,4500.00,,6000.00,,,0,Eggless,1
Cakes,"Non Floral Birthday","Ruffles Writing Cake",,,1550.00,2325.00,3100.00,3875.00,4500.00,,6000.00,,,0,Eggless,1
Cakes,"Themed Birthday","You are Gold",,,1650.00,2475.00,3200.00,,4800.00,,6200.00,,,0,Eggless,1
Cakes,"Floral Anniversary","Textured Floral",,,1550.00,2325.00,3100.00,3750.00,4500.00,,6000.00,,,0,Eggless,1
Cakes,"Floral Anniversary","Semi Naked 2 Tier",,,,,3000.00,3750.00,4500.00,,6000.00,,7500.00,0,Eggless,1
Cakes,"Floral Anniversary","2 Tier Peach Marbling",,,,,,,4650.00,5425.00,6200.00,,7750.00,0,Eggless,1
Cakes,"Floral Birthday","2 Tier Off white and Blue",,,,,3100.00,3875.00,4500.00,,6000.00,,7500.00,0,Eggless,1
Cakes,"Floral Anniversary","2 Tier Baby Pink",,,,,3200.00,4000.00,4650.00,,6000.00,,7500.00,0,Eggless,1
Cakes,"Floral Anniversary","2 Tier Gold and White",,,,,3200.00,4000.00,4650.00,,6000.00,,7500.00,0,Eggless,1
Cakes,"Non Floral Birthday","Crossword Cake",,,1550.00,2250.00,3000.00,3750.00,4500.00,,,,,0,Eggless,1
Cakes,"Non Floral Birthday","Bin Cake",,,1550.00,2325.00,3100.00,3875.00,4650.00,,,,,0,Eggless,1
"Signature Cakes","Tart Cake","2 Number Tarts",,,,,2200.00,,3300.00,,4400.00,,5500.00,0,Eggless,1
Cakes,"Floral Anniversary","Off White Floral",,,1500.00,2250.00,3000.00,3625.00,4350.00,,5800.00,,,0,Eggless,1
Cakes,"Non Floral Birthday","Square Marbled Boho",,,1550.00,2325.00,3100.00,3750.00,4500.00,,6000.00,,,0,Eggless,1
Cakes,"Non Floral Birthday","Black & Gold Faultline",,,1550.00,2323.00,3100.00,3875.00,4500.00,,6000.00,,,0,Eggless,1
Cakes,"Non Floral Birthday","Heart with Pearls",,,1500.00,2250.00,3000.00,3750.00,4500.00,,6000.00,,,0,Eggless,1
Cakes,"Non Floral Birthday","Bow Round",,,1500.00,2250.00,3000.00,3750.00,4350.00,,5800.00,,,0,Eggless,1
Cakes,"Non Floral Birthday","Heart Bow",,,1450.00,2175.00,2900.00,3625.00,4350.00,,5800.00,,,0,Eggless,1
Cakes,"Floral Anniversary","Pink Floral",,,1500.00,2250.00,3000.00,3750.00,4350.00,,,,,0,Eggless,1
Cakes,"Non Floral Birthday","Grey Faultline",,,1550.00,2325.00,3100.00,3875.00,4500.00,,6000.00,,,0,Eggless,1
Cakes,"Non Floral Birthday","Blue and Gold Cake",,,1500.00,2250.00,3000.00,3750.00,4500.00,,,,,0,Eggless,1
Cakes,"Kids Birthday","KitKat Cake",,,1550.00,2325.00,3100.00,3875.00,4500.00,,6000.00,,,0,Eggless,1
"Signature Cakes","Tart Cake","Double Chocolate Mousse with Praline Feulletine Crunch Tart",,700.00,1350.00,2025.00,2700.00,3375.00,4050.00,,,,,0,Eggless,1
"Signature Cakes","Tea Cakes","Marble Biscoff Tea Cake",,,1100.00,1650.00,2200.00,2750.00,3300.00,,,,,0,Eggless,1
"Signature Cakes","Tea Cakes","Cappucino Tea Cake with Praline Feulletine Crunch",,,1100.00,1650.00,2200.00,2750.00,3300.00,,,,,0,Eggless,1
"Signature Cakes",Opera,"Praline Crunch Opera",,,1350.00,2025.00,2700.00,3375.00,4050.00,,5400.00,,,0,Eggless,1
"Signature Cakes","Classic Non Chocolate","Vanilla Praline Feulletine Crunch",,,1350.00,2025.00,2700.00,3375.00,4050.00,,5400.00,,,0,Eggless,1
Other,General,"Bouquet Hamper",900.00,,,,,,,,,,,0,Eggless,1
Cakes,"Classic Chocolate","Belgian Praline Feulletine Crunch",,,1350.00,2025.00,2700.00,3375.00,4050.00,,5400.00,,,0,Eggless,1
Other,General,"Thandai Tea Cake",,500.00,950.00,1400.00,1800.00,,,,,,,0,Eggless,1
Other,General,"Thandai Gateau",,650.00,1200.00,1800.00,2400.00,,3600.00,,,,,0,Eggless,1
Other,General,"the Assorted Basket (Holi)",1620.00,,,,,,,,,,,0,Eggless,1
Other,General,"The Holi Basket",1700.00,,,,,,,,,,,0,Eggless,1
Other,General,"The Holi Platter",1400.00,,,,,,,,,,,0,Eggless,1
Other,General,"The Holi Dome",580.00,,,,,,,,,,,0,Eggless,1
Other,General,"The Holi Cake",,700.00,1350.00,2025.00,2600.00,,,,,,,0,Eggless,1
Other,General,"Teddy and Balloons Half Cake",,,1400.00,2100.00,2800.00,3500.00,4200.00,,,,,0,Eggless,1
Other,General,"Teddy and Dollops Pink",,,1450.00,2175.00,2900.00,3625.00,4350.00,,5800.00,,,0,Eggless,1
Other,General,"Unicorn Rainbow Half Cake",,,1400.00,2025.00,2700.00,3375.00,4050.00,,,,,0,Eggless,1
Other,General,"Owl Cake",,,1550.00,2250.00,3000.00,,4350.00,,,,,0,Eggless,1
Other,General,"Under the Sea / Mermaid Single Tier",,,1600.00,2325.00,3100.00,3875.00,4650.00,,6000.00,,,0,Eggless,1
Other,General,"2 Tier Lavender Pearls",,,,,3000.00,3625.00,4350.00,5075.00,5800.00,,7250.00,0,Eggless,1
Other,General,"Dual Cake Double Tone",,,,,3200.00,,4700.00,,6200.00,,7700.00,0,Eggless,1
Cakes,"Classic Tiered","White and Gold Naked Tiered",,,,,2900.00,3625.00,4350.00,,5800.00,,7250.00,0,Eggless,1
Other,General,"Black Retro Acrylic",,,,,,,,,6150.00,,7600.00,0,Eggless,1
Other,General,"Teddy and Bow Single Tier",,,1500.00,2250.00,3000.00,3750.00,4500.00,,,,,0,Eggless,1
Other,General,"Triangle Dual Shade",,,1550.00,2325.00,3000.00,3750.00,4500.00,,6000.00,,,0,Eggless,1
Other,General,"Disney Princess Single Tier",,,,,2700.00,3375.00,4050.00,,5400.00,,6750.00,0,Eggless,1
Other,General,"Rainbow Single Tier",,,1350.00,2025.00,2600.00,3250.00,3900.00,,5200.00,,,0,Eggless,1
Other,General,"Halloween Haunted Theme Single Tier",,,1500.00,2100.00,2800.00,3500.00,4050.00,,5400.00,,,0,Eggless,1
Other,General,"Butterfly and Lollies Single Tier",,,1550.00,2250.00,3000.00,3750.00,4500.00,,6000.00,,,0,Eggless,1
Cakes,"Classic Tiered","2 Tier Wafer Paper White & Gold",,,,,3200.00,3875.00,4650.00,,6200.00,,7750.00,0,Eggless,1
Other,General,"Cocomelon Single Tier Pink",,,,2400.00,3200.00,4000.00,4800.00,,6000.00,,,0,Eggless,1
Cakes,"Baby Shower","Bee Cake Single Tier",,,1500.00,2250.00,2800.00,3500.00,4200.00,,5600.00,,,0,Eggless,1
Other,General,"Butterfly Garden Tiered",,,,,3000.00,3750.00,4350.00,,5800.00,,7250.00,0,Eggless,1
Cakes,"Floral Anniversary","Anniversary Dual",,,,,3100.00,,4400.00,,5500.00,,6750.00,0,Eggless,1
Cakes,"Floral Birthday","Hexagon Balls Top Forward",,,,2025.00,2700.00,3375.00,4050.00,,,,,0,Eggless,1
Cakes,"Floral Birthday","Wavy Textured Floral",,,1500.00,2250.00,2900.00,3625.00,4350.00,,5800.00,,,0,Eggless,1
Cakes,"Themed Birthday","Baby Shark 2 Tier",,,,,3000.00,3750.00,4500.00,,6000.00,,7500.00,0,Eggless,1
Cakes,"Floral Birthday","Tri-Colour Floral",,,1350.00,2025.00,2700.00,,3900.00,,5200.00,,,0,Eggless,1
Cakes,"Kids Birthday","Wavy Texture Butterfly",,,1500.00,2250.00,3000.00,,4350.00,,5800.00,,,0,Eggless,1
"Signature Cakes",Opera,"Rasmalai Opera",,,1350.00,2025.00,2600.00,,,,,,,0,Eggless,1
Other,"Savoury Box","THE SAVOURY BOX",1180.00,,,,,,,,,,,0,Eggless,1
Cakes,"Deconstructed Tiered","Copper and Peach Dual",,,,,3100.00,3875.00,4500.00,,6000.00,,7500.00,0,Eggless,1
Cakes,"Themed Birthday","Pop It Cake",,,,,3300.00,4125.00,4950.00,,6600.00,,8250.00,0,Eggless,1
Cakes,"Baby Shower","Teddy Cake Blue",,,1500.00,2250.00,3000.00,3750.00,4500.00,,6000.00,,,0,Eggless,1
Cakes,"Kids Birthday","Harry Potter 2 Tier",,,,,,,4200.00,,5600.00,,7000.00,0,Eggless,1
"Signature Cakes","Tart Cake","Single Alphabet Tart Cake",,,1050.00,1575.00,2100.00,,3150.00,,,,,0,Eggless,1
Cakes,"Mini Cake Platters","4 Mini Cake Platter",2700.00,,,,,,,,,,,0,Eggless,1
Cakes,"Mini Cake Platters","2 Mini Cake Platter",1400.00,,,,,,,,,,,0,Eggless,1
"Signature Cakes","Chocolate Cheesecake","Biscoff Nutella Cheesecake",,,1300.00,1950.00,2600.00,3250.00,3900.00,,5200.00,,,0,Eggless,1
Cakes,"Non Floral Birthday","Round Top Forward",,,1350.00,1975.00,2600.00,3250.00,3900.00,,5200.00,,,0,Eggless,1
Cakes,"Non Floral Birthday","Faultline Black",,,1350.00,1975.00,2600.00,3250.00,3900.00,,5200.00,,,0,Eggless,1
Cakes,"Non Floral Birthday","Triangle Shards Top Forward Chocolate",,,1450.00,2175.00,2800.00,3500.00,4200.00,,,,,0,Eggless,1
Cakes,"Non Floral Birthday","Triangle Shards Lavender",,,1450.00,2175.00,2800.00,3500.00,4200.00,,,,,0,Eggless,1
Cakes,"Floral Birthday","Triangle Lavender Floral",,,1450.00,2175.00,2800.00,3500.00,4200.00,,,,,0,Eggless,1
Cakes,"Classic Tiered","Silver Red 2 Tier",,,,,3000.00,,4500.00,,5800.00,,7250.00,0,Eggless,1
Cakes,"Classic Tiered","Cream and Gold 2 Tier",,,,,2900.00,,4350.00,,5700.00,,7150.00,0,Eggless,1
Cakes,"Classic Tiered","2 Tier Copper",,,,,3000.00,,4500.00,,6000.00,,7250.00,0,Eggless,1
Cakes,"Classic Tiered","3 Tier Pastel",,,,,,,,,,,6250.00,0,Eggless,1
Cakes,"Classic Tiered","Blue Textured 2 Tier",,,,,3000.00,,4350.00,,5800.00,,7250.00,0,Eggless,1
Cakes,"Classic Tiered","2 Tier White",,,,,2800.00,,4200.00,,5200.00,,6750.00,0,Eggless,1
Cakes,"Classic Tiered","3 Tier Purple",,,,,,,,,,,7000.00,0,Eggless,1
Cakes,"Classic Tiered","3 Tier White",,,,,,,,,,,6750.00,0,Eggless,1
Cakes,"Classic Tiered","2 Tier Golden",,,,,3000.00,,4500.00,,6000.00,,7400.00,0,Eggless,1
Cakes,"Classic Tiered","2 Tier Silver",,,,,2900.00,,4350.00,,5800.00,,7250.00,0,Eggless,1
Cakes,"Classic Tiered","3 tier green white",,,,,,,,,,,6750.00,0,Eggless,1
Cakes,"Kids Birthday","Butterfly dual",,,,,3000.00,,4500.00,,6000.00,,7500.00,0,Eggless,1
Cakes,"Kids Birthday","Twins Dual",,,,,2900.00,,4200.00,,5400.00,,6750.00,0,Eggless,1
Cakes,"Themed Birthday","Netflix & Chill Dual",,,,,2900.00,,4200.00,,5600.00,,6750.00,0,Eggless,1
Cakes,"Kids Birthday","Unicorn Dual",,,,,3200.00,,4650.00,,6000.00,,7500.00,0,Eggless,1
Cakes,"Kids Birthday","Ballet triple",,,,,,,4050.00,,5200.00,,6500.00,0,Eggless,1
Cakes,"Deconstructed Tiered","Triple White",,,,,,,4200.00,,5600.00,,7000.00,0,Eggless,1
Cakes,"Deconstructed Tiered","Double cake",,,,,2850.00,,4200.00,,5600.00,,7000.00,0,Eggless,1
Cakes,"Deconstructed Tiered","Triple Round",,,,,,,4200.00,,5600.00,,7000.00,0,Eggless,1
Other,"Dessert Tubs","Acrylic Tub",550.00,,,,,,,,,,,0,Eggless,1
Cakes,"Floral Birthday","Heart Pinata Box",1850.00,,,,,,,,,,,0,Eggless,1
Cakes,"Floral Birthday","Coral Pink Heart Pinata",1600.00,,,,,,,,,,,0,Eggless,1
Other,Pinata,"White Round Pinata",1450.00,,,,,,,,,,,0,Eggless,1
"Gifting Hampers",Hampers,"Peppa Pig Platter",1800.00,,,,,,,,,,,0,Eggless,1
"Gifting Hampers",Hampers,"2 Jar Platter",1200.00,,,,,,,,,,,0,Eggless,1
"Gifting Hampers",Hampers,"Baby Hamper",1000.00,,,,,,,,,,,0,Eggless,1
"Gifting Hampers",Hampers,"Mini Cakes Hamper",2000.00,,,,,,,,,,,0,Eggless,1
"Gifting Hampers",Hampers,"Assorted hampers",2100.00,,,,,,,,,,,0,Eggless,1
"Gifting Hampers",Hampers,"Mini Cake Hamper",2000.00,,,,,,,,,,,0,Eggless,1
Cakes,"Baby Shower","Balls baby shower",,,1400.00,2100.00,2700.00,3375.00,4050.00,,5200.00,,6500.00,0,Eggless,1
Cakes,"Baby Shower",Hexagon,,,1300.00,1950.00,2600.00,3250.00,3900.00,,,,,0,Eggless,1
Cakes,"Baby Shower","Baby Loading",,,1450.00,2175.00,2900.00,3625.00,4350.00,,5800.00,,,0,Eggless,1
Cakes,"Baby Shower","Square Tiered",,,,,,,4050.00,,5200.00,,6500.00,0,Eggless,1
Cakes,"Baby Shower","Teddy Tiered",,,,,3000.00,3750.00,4500.00,,5800.00,,7250.00,0,Eggless,1
Cakes,"Baby Shower","Parents To Be",,,1600.00,2275.00,2950.00,3625.00,4300.00,,5650.00,,,0,Eggless,1
Cakes,"Kids Birthday","Lillies Dual",,,,,,3500.00,4050.00,,5400.00,,6750.00,0,Eggless,1
Cakes,"Kids Birthday","Princess 1",,,,2100.00,2800.00,3500.00,4200.00,,5400.00,,,0,Eggless,1
Cakes,"Kids Birthday",Lollies,,,1300.00,1950.00,2600.00,3250.00,3900.00,,5200.00,,,0,Eggless,1
Cakes,"Kids Birthday","Rainbow 2",,,1400.00,2100.00,2700.00,3375.00,4050.00,,5200.00,,,0,Eggless,1
Cakes,"Non Floral Birthday","Metallic balls",,,1350.00,1975.00,2600.00,3250.00,3900.00,,5200.00,,,0,Eggless,1
Cakes,"Kids Birthday",Rainbow,,,1400.00,2100.00,2700.00,3375.00,4050.00,,5400.00,,6750.00,0,Eggless,1
Cakes,"Floral Birthday","Green Floral",,,1450.00,2175.00,2900.00,3625.00,4350.00,,5800.00,,,0,Eggless,1
Cakes,"Kids Birthday","Donuts Cake",,,1550.00,2325.00,3000.00,3750.00,4500.00,,6000.00,,,0,Eggless,1
Cakes,"Floral Birthday","Ombre Floral",,,1450.00,2175.00,2900.00,3625.00,4350.00,,5800.00,,,0,Eggless,1
Cakes,"Floral Birthday","Gold floral",,,1550.00,2250.00,3000.00,3750.00,4500.00,,6000.00,,,0,Eggless,1
Cakes,"Floral Birthday","Square Boho",,,1550.00,2325.00,3100.00,3875.00,4500.00,,6000.00,,,0,Eggless,1
Cakes,"Floral Birthday","Square Floral",,,1350.00,2025.00,2700.00,3375.00,4050.00,,5400.00,,,0,Eggless,1
Cakes,"Floral Birthday","White Floral",,,1350.00,2025.00,2700.00,3375.00,4050.00,,5400.00,,,0,Eggless,1
Cakes,"Floral Birthday","Marbled Cakes",,,1400.00,2100.00,2800.00,3500.00,4200.00,,5600.00,,,0,Eggless,1
Cakes,"Floral Birthday","Ombre Peach",,,1400.00,2100.00,2800.00,,4200.00,,5700.00,,,0,Eggless,1
Cakes,"Floral Birthday","Boho Round",,,1400.00,2100.00,2800.00,,4200.00,,5600.00,,,0,Eggless,1
Cakes,"Non Floral Birthday","Chocolate Balls",,,1450.00,,2900.00,,4350.00,,5600.00,,,0,Eggless,1
Cakes,"Kids Birthday","Chocolate Overload Square",,,1550.00,,3000.00,,4500.00,,6000.00,,7500.00,0,Eggless,1
Cakes,"Kids Birthday","2 Tier Candy Theme",,,,,3000.00,,4500.00,,5800.00,,7250.00,0,Eggless,1
Cakes,"Kids Birthday","Chocolate Overload",,,1550.00,,3100.00,,4500.00,,6000.00,,,0,Eggless,1
Cakes,Chandelier,"2 Tier Silver and Lavender",,,,,,,,,6400.00,,8000.00,0,Eggless,1
Cakes,Chandelier,"2 Tier Blue Ombre",,,,,,,,,6400.00,,8000.00,0,Eggless,1
Cakes,"Floral Birthday","Single Acrylic Tiered Cakes",,,,,,,,,6150.00,,7600.00,0,Eggless,1
Cakes,"Floral Birthday","2 Tier Chandelier Cakes",,,,,,,,,6800.00,,8500.00,0,Eggless,1
Cakes,Chandelier,"2 Tier Green",,,,,,,,,6400.00,,8000.00,0,Eggless,1
Cakes,Chandelier,"2 Tier White and Gold",,,,,,,,,6400.00,,8000.00,0,Eggless,1
Cakes,Chandelier,"3 Tier Silver and Blue",12800.00,,,,,,,,,,,0,Eggless,1
Cakes,Chandelier,"2 Tier Rose Gold",,,,,,,,,6400.00,,8000.00,0,Eggless,1
Cakes,"Kids Birthday","Butterfly Round",,,1450.00,,2800.00,,4200.00,,5600.00,,,0,Eggless,1
Cakes,"Kids Birthday","Butterfly 2 Tier",,,,,2900.00,,4350.00,,5800.00,,7250.00,0,Eggless,1
Cakes,"Kids Birthday","Butterfly Square",,,1450.00,,2900.00,,4350.00,,5800.00,,,0,Eggless,1
Cakes,"Kids Birthday","Fairyland Acrylic",10500.00,,,,,,,,,,,0,Eggless,1
Cakes,"Acrylic Tier","Acrylic Square White and Red",,,,,,,,,5400.00,,7000.00,0,Eggless,1
Cakes,"Acrylic Tier","Acylic Square Copper",,,,,,,,,5400.00,,7000.00,0,Eggless,1
Cakes,"Acrylic Tier","2 Acrylic Tier",9400.00,,,,,,,,,,,0,Eggless,1
Cakes,"Acrylic Tier","Acrylic Square Blue",,,,,,,,,5950.00,,7350.00,0,Eggless,1
Cakes,"Acrylic Tier","Acrylic Tier Round",,,,,,,,,5600.00,,7000.00,0,Eggless,1
Cakes,"Floral Birthday","Triangle Top Forward Floral",,,1400.00,2100.00,2800.00,,4200.00,,,,,0,Eggless,1
"Small Bakes",Chocolates,"Dreamy Rose",180.00,,,,,,,,,,,0,Eggless,1
"Small Bakes",Chocolates,"Cookies and Cream",150.00,,,,,,,,,,,0,Eggless,1
"Small Bakes",Chocolates,"Roasted Almond",150.00,,,,,,,,,,,0,Eggless,1
"Small Bakes",Chocolates,"Choco Salted Caramel Chocolates",240.00,,,,,,,,,,,0,Eggless,1
"Small Bakes",Cookies,"cookie sandwich",160.00,,,,,,,,,,,0,Eggless,1
"Small Bakes",Cookies,"Rose Pista Cookies",400.00,,,,,,,,,,,0,Eggless,1
"Small Bakes",Cookies,"Choco Chunk Cookies",360.00,,,,,,,,,,,0,Eggless,1
"Small Bakes",Cookies,"Oatmeal Almond Cookies",360.00,,,,,,,,,,,0,Eggless,1
"Small Bakes",Cookies,"Biscoff Berry Giant Cookies",360.00,,,,,,,,,,,0,Eggless,1
"Small Bakes",Cookies,"Red Velvet Cream Cheese Giant Cookies",360.00,,,,,,,,,,,0,Eggless,1
"Small Bakes",Cookies,"Nutella Filled Giant Cookies",360.00,,,,,,,,,,,0,Eggless,1
Other,Brownies,"Biscoff Brownies",360.00,,,,,,,,,,,0,Eggless,1
Other,Brownies,"Oreo Nutella Brownies",360.00,,,,,,,,,,,0,Eggless,1
Other,Brownies,"Choco Chunk Brownies",320.00,,,,,,,,,,,0,Eggless,1
Other,"Liquor Cakes","Choco Rum",,,1350.00,2025.00,2700.00,,4050.00,,,,,0,Eggless,1
Other,"Liquor Cakes","Choco Baileys",,,1600.00,2400.00,3200.00,,4800.00,,,,,0,Eggless,1
Other,"Liquor Cakes","Whiskey Sour",,,1600.00,2400.00,3200.00,,4800.00,,6400.00,,,0,Eggless,1
"Signature Cakes","Tart Cake","Berry Tart Cake",,,1100.00,,2200.00,,3300.00,,4400.00,,,0,Eggless,1
"Signature Cakes","Tart Cake","Choco Salted Caramel Tart Cake",,,1050.00,,2100.00,,3150.00,,4200.00,,,0,Eggless,1
"Signature Cakes","Tart Cake","Belgian Chocolate Tart Cake",,,1050.00,,2100.00,,3150.00,,4200.00,,,0,Eggless,1
"Signature Cakes","Tea Cakes","Spiced Chai Tea Cake",,,800.00,1200.00,1600.00,,2400.00,,,,,0,Eggless,1
"Signature Cakes","Tea Cakes","Paan Tea Cake",,,800.00,1200.00,1600.00,,2400.00,,,,,0,Eggless,1
"Signature Cakes","Tea Cakes","Apple Cinnamon with Salted Caramel Tea Cake",,,800.00,1200.00,1600.00,,2400.00,,,,,0,Eggless,1
"Signature Cakes","Tea Cakes","Berry Almond Crumble",,,900.00,1450.00,1800.00,,2700.00,,,,,0,Eggless,1
"Signature Cakes","Tea Cakes","Carrot Cake with Cream Cheese",,,900.00,1350.00,1800.00,,2700.00,,,,,0,Eggless,1
"Signature Cakes","Tea Cakes","Marble Tea Cake",,,800.00,1200.00,1600.00,,2400.00,,,,,0,Eggless,1
"Signature Cakes","Tea Cakes","Dreamy Rose Tea Cake",,,900.00,1350.00,1800.00,,2700.00,,,,,0,Eggless,1
"Signature Cakes","Chocolate Tea Cakes",Mudpie,,,1100.00,1650.00,2200.00,,3300.00,,,,,0,Eggless,1
"Signature Cakes","Chocolate Tea Cakes","Belgian Oreo Nutella Teacake",,,800.00,1200.00,1600.00,,2400.00,,,,,0,Eggless,1
"Signature Cakes",Opera,"Dreamy Rose Opera",,,1250.00,1725.00,2500.00,3125.00,3750.00,,,,,0,Eggless,1
"Signature Cakes",Opera,"Berry Opera",,,1350.00,2025.00,2700.00,3375.00,4050.00,,,,,0,Eggless,1
"Signature Cakes",Opera,"Cappuccino Opera",,,1250.00,1875.00,2500.00,3125.00,3750.00,,,,,0,Eggless,1
Other,Moussecakes,"Pure Hazelnut Moussecake",,,1400.00,2100.00,2800.00,,,,,,,0,Eggless,1
Cakes,"Classic Chocolate","Mocha Salted Caramel",,,1200.00,1800.00,2400.00,3000.00,3600.00,,4800.00,,,0,Eggless,1
"Signature Cakes","Classic Non Chocolate","Vanilla Nutella",,,1150.00,1725.00,2300.00,2875.00,3450.00,,4000.00,,,0,Eggless,1
"Signature Cakes",Opera,"Biscoff Opera",,,1300.00,1950.00,2600.00,3250.00,3900.00,,,,,0,Eggless,1
Other,Tiramisu,"Irish Tiramisu",,,1400.00,2100.00,2800.00,,4200.00,,,,,0,Eggless,1
Other,Tiramisu,"Classic Tiramisu",,,1200.00,1800.00,2400.00,,3600.00,,,,,0,Eggless,1
Other,Moussecakes,"Triple Chocolate Moussecake",,,1350.00,,2700.00,,4050.00,,,,,0,Eggless,1
Other,Moussecakes,"Mocha Hazelnut Biscoff Moussecake",,,1300.00,1950.00,2600.00,,3900.00,,,,,0,Eggless,1
"Signature Cakes","Non Chocolate Cheesecake","OG Baileys Cheesecake",,,1550.00,2325.00,3100.00,,4650.00,,6200.00,,,0,Eggless,1
"Signature Cakes","Non Chocolate Cheesecake","Lime and Mint Cheesecake",,,1200.00,1800.00,2400.00,,3600.00,,,,,0,Eggless,1
"Signature Cakes","Non Chocolate Cheesecake","Berry Cheesecake",,,1250.00,1875.00,2500.00,,3750.00,,5000.00,,,0,Eggless,1
"Signature Cakes","Non Chocolate Cheesecake","Biscoff Cheesecake",,,1250.00,1875.00,2500.00,,3750.00,,5000.00,,,0,Eggless,1
"Signature Cakes","Chocolate Cheesecake","Nutella Oreo Cheesecake",,,1350.00,2025.00,2700.00,,4050.00,,5400.00,,,0,Eggless,1
"Signature Cakes","Classic Non Chocolate",Rasmalai,,,1150.00,1725.00,2300.00,2875.00,3450.00,,4600.00,,5750.00,0,Eggless,1
"Signature Cakes","Classic Non Chocolate","Butterscotch Caramel",,,1050.00,1575.00,2100.00,2625.00,3150.00,,4200.00,,,0,Eggless,1
"Signature Cakes","Classic Non Chocolate","Mixed Fruit Gateau",,,1100.00,1650.00,2200.00,,3300.00,,4400.00,,5500.00,0,Eggless,1
"Signature Cakes","Classic Non Chocolate","Red Velvet",,,1100.00,1650.00,2200.00,,3300.00,,4400.00,,,0,Eggless,1
"Signature Cakes","Classic Non Chocolate","Vanilla Biscoff Gateau",,,1200.00,1800.00,2400.00,,3600.00,,4800.00,,,0,Eggless,1
"Signature Cakes","Classic Non Chocolate","Rose Vanilla Gateau",,,1100.00,1650.00,2200.00,,3300.00,,4400.00,,,0,Eggless,1
"Signature Cakes","Classic Non Chocolate","Lemon Wildberry",,,1100.00,1650.00,2200.00,,3300.00,,4400.00,,,0,Eggless,1
"Signature Cakes","Classic Non Chocolate","Paan Gateau",,,1100.00,1650.00,2200.00,,3300.00,,4400.00,,,0,Eggless,1
Cakes,"Classic Chocolate","Pure Belgian Biscoff",,,1350.00,2025.00,2700.00,,4050.00,,5400.00,,6750.00,0,Eggless,1
Cakes,"Classic Chocolate","Hazelnut Praline Truffle",,,1250.00,1875.00,2500.00,,3750.00,,5000.00,,6250.00,0,Eggless,1
Cakes,"Classic Chocolate","Layered Nutella Oreo",,,1200.00,1800.00,2400.00,,3600.00,,4800.00,,6000.00,0,Eggless,1
Cakes,"Classic Chocolate","Choco Raspberry",,,1200.00,1800.00,2400.00,,3600.00,,4800.00,,6000.00,0,Eggless,1
Cakes,"Classic Chocolate","Belgian Truffle",,,1200.00,1800.00,2400.00,3000.00,3600.00,,4800.00,,,0,Eggless,1
Cakes,"Classic Chocolate","7 Layered Choco Salted Caramel",,,1200.00,1800.00,2400.00,3000.00,3600.00,,4800.00,,,0,Eggless,1
Cakes,"Classic Chocolate","7 Layered Choco Hazelnut",,,1200.00,1800.00,2400.00,3000.00,3600.00,,4600.00,,,0,Eggless,1
